<?xml version="1.0" encoding="UTF-8"?>
<!DOCTYPE suite SYSTEM "http://testng.org/testng-1.0.dtd">
<suite name="Suite" parallel="tests">
  <test name="Test1">
  <parameter name="browsertype" value="firefox"></parameter>
    <classes>
      <class name="test.Learninggrid"/>
    </classes>
  </test> <!-- Test -->
  <test name="Test2">
  <parameter name="browsertype" value="ie"></parameter>
    <classes>
      <class name="test.Learninggrid"/>
    </classes>
  </test> <!-- Test -->
  <test name="Test3">
  <parameter name="browsertype" value="chrome"></parameter>
    <classes>
      <class name="test.Learninggrid"/>
    </classes>
  </test> <!-- Test -->
</suite> <!-- Suite -->
